name,school_url,issc_id
OneSchool Global UK Biggleswade Campus,https://www.oneschoolglobal.com/campus/united-kingdom/biggleswade/,1
Esland School Bedford,https://www.eslandcare.co.uk,2
OneSchool Global UK Dunstable Campus,https://www.oneschoolglobal.com/campus/united-kingdom/dunstable/,3
Orchard School and Nursery,https://www.orchardschool.org.uk,4
Polam School,https://www.polamschool.co.uk,5
Pilgrims Pre-Preparatory School,https://www.pilgrims-school.info,6
Bedford School,https://www.bedfordschool.org.uk,7
Bedford Modern School,https://www.bedmod.co.uk,8
Bedford Greenacre Independent School,https://www.bedfordgreenacre.co.uk,9
Bedford Girls' School,https://www.bedfordgirlsschool.co.uk,10
Al Hikmah Girls School,https://www.alhikmahschool.com/girls/,11
Thorngrove School,https://www.thorngroveschool.co.uk,12
Highfield Preparatory School,https://www.highfieldprep.org,13
St Piran's School,https://www.stpirans.co.uk,14
Brockhurst and Marlston House School,https://www.brockmarl.org.uk,15
Horris Hill,https://www.horrishill.com,16
St Gabriel's School,https://www.stgabriels.co.uk,17
St John's Beaumont,https://www.sjbwindsor.uk,18
Caversham Preparatory School,https://www.cavershamschool.com,19
Crosfields School,https://www.crosfields.com,20
Herries School,https://www.herries.org.uk,21
Elstree School,https://www.elstreeschool.org.uk,22
Meadowbrook Montessori School,https://www.meadowbrook.uk,23
Dolphin School,https://www.dolphinschool.com,24
Claires Court,https://www.clairescourt.com,25
Beech Lodge School,https://www.beechlodgeschool.co.uk,26
Eton End School,https://www.etonend.org,27
Hemdean House School,https://www.hemdeanhouse.co.uk,29
Lambrook,https://www.lambrookschool.co.uk,32
The Marist School,https://www.themarist.com,33
Papplewick,https://www.papplewick.org.uk,36
LVS Ascot,https://www.lvs.ascot.sch.uk,37
Eagle House School,https://www.eaglehouseschool.com,39
Waverley Preparatory School & Day Nursery,https://www.waverleyschool.co.uk,40
"Reddam House, Berkshire",https://www.reddamhouse.org.uk,41
Ludgrove School,https://www.ludgrove.net,42
Upton House School,https://www.uptonhouse.org.uk,44
St George's School,https://www.stgwindsor.org,45
Cheam School,https://www.cheamschool.com,48
Sunningdale School,https://www.sunningdaleschool.co.uk,49
St Bernard's Prep School,https://www.stbernardsprep.org,50
Islamic Shakhsiyah,https://www.shakhsiyahschools.uk,52
Trinity Christian School,https://www.trinitychristianschool.org.uk,54
The Abbey School,https://www.theabbey.co.uk,55
St Joseph's College,https://www.sjcr.org.uk,56
St Edward's Prep,https://www.stedwardsprep.com,57
St Andrew's School,https://www.standrewspangbourne.co.uk,58
"The King's House School, Windsor",https://www.kingshouseschool.org.uk,60
OneSchool Global Reading Campus (Primary),https://www.oneschoolglobal.com/campus/united-kingdom/readingprimary,65
Long Close School,https://www.longcloseschool.co.uk,66
Holme Grange,https://www.holmegrange.org,67
Badminton School,https://www.badmintonschool.co.uk,68
Belgrave School,https://www.belgrave-school.website,69
BGS Infants and Juniors,https://www.bristolgrammarschool.co.uk,70
Cleve House School,https://www.clevehouseschool.com,73
Clifton High School,https://www.cliftonhigh.co.uk,74
Colston's Lower School,https://www.colstons.org/lower-school,75
Fairfield School,https://www.fairfield.school,77
Queen Elizabeth's Hospital,https://www.qehbristol.co.uk,78
Redmaids’ High Junior School,https://www.redmaidshigh.co.uk/junior,80
Tockington Manor School,https://www.tockingtonmanorschool.com,81
Torwood House School and Nursery,https://www.torwoodhouseschool.co.uk,82
Clifton College,https://www.cliftoncollege.com,83
The Downs Preparatory School,https://www.thedownsschool.co.uk,84
The Webber Independent School,https://www.webberindependentschool.com,85
Gateway School,https://www.gatewayschool-bucks.co.uk,86
Caldicott Preparatory School,https://www.caldicott.com,87
Chesham Preparatory School,https://www.cheshamprep.co.uk,88
Beachborough Prep School,https://www.beachborough.com,90
Thornton College,https://www.thorntoncollege.com,93
Godstowe School,https://www.godstowe.org,94
The Grove Independent School,https://www.groveindependentschool.co.uk,95
High March School,https://www.highmarch.co.uk,97
Davenies School,https://www.davenies.co.uk,98
Griffin House Preparatory School,https://www.griffinhouseschool.co.uk,99
Ashfold School,https://www.ashfoldschool.co.uk,100
Thorpe House School,https://www.thorpehouse.co.uk,101
Dair House School,https://www.dairhouseschool.co.uk,102
Maltman's Green School,https://www.maltmansgreen.com,103
Swanbourne House School,https://www.swanbourne.org,104
Heatherton School,https://www.berkhamsted.com/heatherton/,105
Gayhurst School,https://www.gayhurstschool.co.uk,106
Pipers Corner School,https://www.piperscorner.co.uk,107
"St Mary's School, Gerrards Cross",https://www.stmarysschool.co.uk,108
The Beacon School,https://www.beaconschool.co.uk,109
Milton Keynes Preparatory School,https://www.mkprep.co.uk,110
Broughton Manor Preparatory School,https://www.bmprep.co.uk,111
Akeley Wood Junior School,https://www.akeleywoodschool.co.uk,112
The Peterborough School,https://www.thepeterboroughschool.co.uk,114
King's College School Cambridge,https://www.kcs.cambs.sch.uk,116
Heritage School,https://www.heritageschool.org.uk,118
Oaks International School,https://www.oaksinternationalschool.co.uk,119
Kimbolton School,https://www.kimbolton.cambs.sch.uk,120
Park House School,https://www.parkhouseschool.co.uk,121
Wisbech Grammar School,https://www.wisbechgrammar.com,122
Whitehall School,https://www.whitehallschool.com,124
St Faith's School,https://www.stfaiths.co.uk,125
Stephen Perse Foundation,https://www.stephenperse.com,127
St John's College School,https://www.sjcs.co.uk,128
Sancton Wood School,https://www.sanctonwood.co.uk,130
The Perse School,https://www.perse.co.uk,132
King’s Ely Junior School,https://www.kingsely.org,134
"St Mary's School, Cambridge",https://www.stmaryscambridge.co.uk,135
Victoria College Preparatory School,https://www.victoriacollege.je,136
St George's Preparatory School,https://www.stgeorgesprep.co.uk,137
Blanchelande College,https://www.blanchelande.co.uk,138
Elizabeth College,https://www.elizabethcollege.gg,139
"The Ladies' College, Guernsey",https://www.ladiescollege.com,140
St Michael's Preparatory School,https://www.stmichaels.je,143
Hulme Hall Grammar School,https://www.hulmehallschool.org,145
Beech Hall School,https://www.beechhallschool.org,146
Yorston Lodge Prep School,https://www.yorstonlodge.com,147
King's School Macclesfield,https://www.kingsmac.co.uk,148
Cransley School,https://www.cransleyschool.com,149
OneSchool Global - Northwich Campus,https://www.oneschoolglobal.com/campus/united-kingdom/northwich,150
The Grange School,https://www.grange.org.uk,151
Terra Nova School,https://www.tnschool.co.uk,152
Brabyns Preparatory School,https://www.brabynsprepschool.co.uk,153
"The Queen's School, Chester",https://www.thequeensschool.co.uk,154
Stockport Grammar Junior School,https://www.stockportgrammar.co.uk,155
Wilmslow Preparatory School,https://www.wilmslowprep.co.uk,156
Alderley Edge School for Girls,https://www.aesg.co.uk,157
The Ryleys School,https://www.theryleys.com,158
Pownall Hall School,https://www.pownallhallschool.co.uk,159
Abbey Gate College,https://www.abbeygatecollege.co.uk,160
The Firs School,https://www.firsschool.net,161
The King's School Chester,https://www.kingschester.co.uk,163
Trinity Christian School,https://www.trinityschool.org.uk,164
Truro School,https://www.truroschool.com,165
Truro School Preparatory School,https://www.truroschool.com/prep-school,166
Truro High School for Girls,https://www.trurohigh.co.uk,167
Polwhele House,https://www.polwhelehouse.co.uk,168
St Joseph's School,https://www.stjosephscornwall.co.uk,169
St Piran's School,https://www.stpiranshayle.net,170
Austin Friars,https://www.austinfriars.co.uk,171
Windermere School,https://www.windermereschool.co.uk,173
Hunter Hall School,https://www.hunterhall.co.uk,174
Lime House School,https://www.limehouseschool.co.uk,176
SwitchED 2,https://www.switched2.org,177
Casterton Sedbergh Preparatory School,https://www.sedberghschool.org,178
Abbotsholme School,https://www.abbotsholme.co.uk,179
Emmanuel School (Derby),https://www.emmanuelschoolderby.org.uk,180
Old Vicarage School,https://www.oldvicarageschool.co.uk,181
Repton Prep,https://www.reptonprep.org.uk,182
St Wystan's School,https://www.stwystans.org.uk,184
Derby High School,https://www.derbyhigh.derby.sch.uk,186
S. Anselm's School,https://www.sanselms.co.uk,187
Barlborough Hall School,https://www.msmcollege.com,188
St Peter St Paul School,https://www.stpeterpaul.co.uk,189
Dame Catherine Harpur's School,https://www.damecatherines.org,190
Derby Grammar School,https://www.derbygrammar.org,191
Exeter School,https://www.exeterschool.org.uk,192
King’s School and Nursery,https://www.kingsschool-plymouth.co.uk,193
Totnes Progressive School,https://www.totnesprogressiveschool.devon.sch.uk,194
St Christopher's Staverton,https://www.st-christophers.devon.sch.uk,195
Park School,https://www.parkschoolonline.com,196
Abbey School,https://www.abbeyschool.co.uk,197
Blundell's Preparatory School,https://www.blundells.org,199
Trinity School,https://www.trinityschool.co.uk,200
Mount Kelly,https://www.mountkelly.com,201
St John's School Sidmouth,https://www.stjohnsdevon.co.uk,202
Kingsley School Bideford,https://www.kingsleyschoolbideford.co.uk,203
OneSchool Global Plymouth Campus,https://www.oneschoolglobal.com/campus/united-kingdom/plymouth,204
West Buckland School,https://www.westbuckland.com,205
Stover School,https://www.stover.co.uk,206
Sands School Ashburton,https://www.sands-school.co.uk,207
Highgate Hill House School,https://www.hhhschool.co.uk,208
St Peter's Preparatory School,https://www.stpetersprep.co.uk,209
The New School Exeter,https://www.thenewschoolexeter.co.uk,210
The Maynard School,https://www.maynard.co.uk,211
Exeter Cathedral School,https://www.exetercathedralschool.co.uk,212
Shebbear College,https://www.shebbearcollege.co.uk,213
Plymouth College,https://www.plymouthcollege.com,214
St Martin's School,https://www.stmartinsschool.net,216
Castle Court School,https://www.castlecourt.com,217
Sherborne Preparatory School,https://www.sherborneprep.org,220
Port Regis School,https://www.portregis.com,222
Sunninghill Prep School,https://www.sunninghillprep.co.uk,223
Dumpton School,https://www.dumpton.com,224
Talbot Heath School,https://www.talbotheath.org,225
Leweston School,https://www.leweston.co.uk,226
Park School,https://www.parkschool.co.uk,227
Bournemouth Collegiate School,https://www.bournemouthcollegiateschool.co.uk,229
Hanford School,https://www.hanfordschool.co.uk,230
Clayesmore Prep School,https://www.clayesmore.com,231
Bryanston School,https://www.bryanston.co.uk,232
Talbot House Preparatory School,https://www.talbothouseschool.co.uk,234
Yarrells School & Nursery,https://www.yarrells.co.uk,235
Durham Cathedral Schools Foundation,https://www.dcsf.org.uk,236
Barnard Castle School,https://www.barnardcastleschool.org.uk,237
Pear Tree School,https://www.peartreeprojects.co.uk,238
Durham High School for Girls,https://www.dhsfg.org.uk,240
Teesside High School,https://www.teessidehigh.co.uk,241
Red House School,https://www.redhouseschool.co.uk,242
Gosfield School,https://www.gosfieldschool.org.uk,243
Holmwood House School,https://www.holmwood.house,244
Littlegarth School,https://www.littlegarth.org,245
OneSchool Global Colchester Campus,https://www.oneschoolglobal.com/campus/united-kingdom/colchester,246
Oxford House School,https://www.oxfordhouseschool.net,247
"St Mary's School, Colchester",https://www.stmaryscolchester.org.uk,248
Heathcote School,https://www.heathcoteschool.co.uk,249
Felsted Preparatory School,https://www.felsted.org,250
Park School for Girls,https://www.parkschool.org.uk,251
Coopersale Hall School,https://www.coopersalehallschool.co.uk,253
Apex Primary School,https://www.apexprimary.co.uk,254
St Margaret's Preparatory School,https://www.stmargaretsprep.com,255
Colchester High School,https://www.colchesterhighschool.co.uk,256
The Ursuline Preparatory School Ilford,https://www.urspsi.org.uk/default.asp,257
Saint Pierre School,https://www.saintpierreschool.net,258
St Michael's School,https://www.stmichaelsschool.com,259
Beehive Preparatory School,https://www.beehiveprepschool.com,260
Oaklands School,https://www.oaklandsschool.co.uk,261
Woodlands School - Great Warley,https://www.woodlandsschools.co.uk,262
Maldon Court Preparatory School,https://www.maldoncourtschool.org,263
Oakfields Preparatory School,https://www.oakfieldspreparatoryschool.co.uk,264
Thorpe Hall School,https://www.thorpehall.southend.sch.uk,265
Alleyn Court Preparatory School,https://www.alleyn-court.co.uk,266
Saint Nicholas School,https://www.saintnicholasschool.net,267
St Philomena's Catholic School,https://www.stphilomenas.com,268
Ursuline Preparatory School,https://www.ursulineprepwarley.co.uk,269
Braeside School,https://www.braesideschool.co.uk,270
Chigwell School,https://www.chigwell-school.org,271
Brentwood School,https://www.brentwoodschool.co.uk,272
Woodlands School - Hutton Manor,https://www.woodlandsschools.co.uk,273
Loyola Preparatory School,https://www.loyola.essex.sch.uk,274
St Cedd's School,https://www.stcedds.co.uk,275
Elm Green Preparatory School,https://www.elmgreen.essex.sch.uk,276
New Hall School,https://www.newhallschool.co.uk,277
St Anne's Preparatory School,https://www.stannesprep.co.uk,278
Daiglen School,https://www.daiglen.essex.sch.uk,279
St. John's Billericay,https://www.stjohnsschool.net,280
Widford Lodge School,https://www.widfordlodge.co.uk,281
The Richard Pate School,https://www.richardpate.co.uk,282
Hatherop Castle School,https://www.hatheropcastle.co.uk,283
Rendcomb College,https://www.rendcombcollege.org.uk,284
Hopelands Preparatory School,https://www.hopelands.org.uk,285
Al-Ashraf Primary School and Nursery,https://www.primary.al-ashraf.org.uk,286
The King's School,https://www.thekingsschool.co.uk,287
Berkhampstead School,https://www.berkhampsteadschool.co.uk,289
OneSchool Global Gloucester Campus,https://www.oneschoolglobal.com/campus/united-kingdom/gloucester,290
Wotton House International School,https://www.wottonhouseschool.co.uk,291
St Edward's Preparatory School,https://www.stedwards.co.uk,292
Dean Close Preparatory School,https://www.deanclose.org.uk,294
Dean Close Airthrie School,https://www.deancloseairthrie.org.uk,295
OneSchool Global Bristol Campus,https://www.oneschoolglobal.com/campus/united-kingdom/bristol/,298
Edward Jenner School,https://www.edwardjennerschool.org.uk,300
Cheltenham College Preparatory School,https://www.cheltenhamcollege.org/the-prep,301
Bredon School,https://www.bredonschool.org,302
Wycliffe Preparatory School,https://www.wycliffe.co.uk,303
Beaudesert Park School,https://www.beaudesert.gloucs.sch.uk,304
Westonbirt Prep School,https://www.westonbirt.org,305
Kitebrook Preparatory School,https://www.kitebrookpst.org,306
Immanuel Christian School,https://www.immanuelschool.org.uk,308
Forest Preparatory School,https://www.forestschool.co.uk,309
Moor Allerton Preparatory School,https://www.moorallertonschool.co.uk,310
St Bede's College,https://www.sbcm.co.uk,311
Teenage Works,https://www.teenageworks.co.uk,312
The Manchester Grammar School,https://www.mgs.org,313
Withington Girls' School,https://www.wgs.org,314
Manchester High School for Girls,https://www.manchesterhigh.co.uk,315
Hale Prep School,https://www.haleprepschool.com,316
Bowdon Preparatory School,https://www.bowdonprep.org.uk,317
St Ambrose Preparatory School,https://www.stambroseprep..co.uk,318
Altrincham Preparatory School,https://www.altprep.co.uk,319
Oldham Hulme Grammar School,https://www.ohgs.co.uk/#,320
The Chadderton Preparatory Grammar School,https://www.thechaddertonprepgrammar.co.uk,321
Beech House School,https://www.beechhouseschool.net,322
Forest Park Preparatory School,https://www.forestparkprep.co.uk,323
Loreto Preparatory School,https://www.loretoprep.org.uk,324
Clevelands Preparatory School,https://www.clevelandsprepschool.co.uk,325
Bolton School Girls' Division,https://www.boltonschool.org/senior-girls,326
Kassim Darwish Grammar School for Boys,https://www.kdgb.miet.uk,327
Bury Catholic Preparatory School & Nursery,https://www.burycatholicprepschool.co.uk,328
Bury Grammar School,https://www.burygrammar.com,329
Cheadle Hulme School,https://www.cheadlehulmeschool.co.uk,330
Greenbank Preparatory School,https://www.greenbankschool.co.uk,331
Lady Barn House School,https://www.ladybarnhouse.org,332
Clarendon Cottage Preparatory School,https://www.clarendoncottage-school.co.uk,333
Bolton School Boys' Division,https://www.boltonschool.org/senior-boys,334
Abbotsford Preparatory School,https://www.abbotsfordprepschool.co.uk,336
Chetham's School of Music,https://www.chethamsschoolofmusic.com,337
Bridgewater School,https://www.bridgewater-school.co.uk,338
Branwood Preparatory School,https://www.branwoodschool.co.uk,339
The Pilgrims' School,https://www.thepilgrims-school.co.uk,340
Kingscourt School,https://www.kingscourt.org.uk,342
Alton School,https://www.altonschool.co.uk,343
Twyford School,https://www.twyfordschool.com,345
The Portsmouth Grammar School,https://www.pgs.org.uk,346
Forres Sandle Manor School,https://www.fsmschool.com,348
West Hill Park School,https://www.westhillpark.com,349
Meoncross School,https://www.meoncross.co.uk,350
Boundary Oak School,https://www.boundaryoakschool.co.uk,351
Daneshill School,https://www.daneshillprepschool.com,352
Brockwood Park School,https://www.brockwood.org.uk,353
Yarrow Heights School,https://www.yarrowheights.com,355
"Bedales Pre-Prep, Dunannie",https://www.bedales.org.uk/dunannie,356
Farleigh School,https://www.farleighschool.com,357
Rookwood School,https://www.rookwoodschool.org,358
Portsmouth High School GDST,https://www.portsmouthhigh.co.uk,359
Mayville High School,https://www.mayvillehighschool.com,360
St Neot’s Prep School,https://www.stneotsprep.co.uk,361
Hurst Lodge School,https://www.hurstlodgeschool.co.uk,362
The Gregg School,https://www.thegreggschool.org,364
The Gregg Preparatory School,https://www.thegreggprep.org,365
Moyles Court School,https://www.moylescourt.co.uk,366
The New Forest Small School,https://www.newforestsmallschool.com,368
Sherfield School,https://www.sherfieldschool.co.uk,369
Yateley Manor School,https://www.yateleymanor.com,370
The King's School,https://www.thekingsschool.org.uk,371
Embley School,https://www.embley.org.uk,372
Walhampton School,https://www.walhampton.com,373
Stroud School,https://www.stroud-kes.org.uk,374
Prince's Mead School,https://www.princesmeadschool.org.uk,375
St Swithun's Prep School,https://www.stswithuns.com/preschool-pre-prep-prep,376
Ballard School,https://www.ballardschool.co.uk,377
Sherborne House School,https://www.sherbornehouse.co.uk,378
St Nicholas' School,https://www.st-nicholas.hants.sch.uk,379
Ditcham Park School,https://www.ditchampark.com,380
Churcher's College,https://www.churcherscollege.com,381
"Bedales Prep School, Dunhurst",https://www.bedales.org.uk/dunhurst,383
Durlston Court School,https://www.durlstoncourt.co.uk,384
Highfield and Brookham Schools,https://www.highfieldandbrookham.co.uk,385
Lucton School,https://www.luctonschool.org,387
Hereford Cathedral Junior School,https://www.herefordcs.com,388
York House School,https://www.york-house.com,389
St Francis' College,https://www.st-francis.herts.sch.uk,390
Lochinver House School,https://www.lochinverhouse.com,391
St John's Preparatory and Senior School,https://www.stjohnsseniorschool.org.uk,392
Stormont School,https://www.stormontschool.org,393
Charlotte House Preparatory School,https://www.charlottehouseprepschool.co.uk,394
The Royal Masonic School for Girls,https://www.rmsforgirls.org.uk,395
Merchant Taylors’ Prep School,https://www.mtpn.org.uk,397
St Christopher School,https://www.stchris.co.uk,398
Kingshott School,https://www.kingshottschool.com,399
Manor Lodge School,https://www.manorlodgeschool.com,400
Heath Mount School,https://www.heathmount.org,401
Stanborough Secondary School,https://www.spsch.org,402
Duncombe School,https://www.duncombe-school.co.uk,403
Westbrook Hay Prep School,https://www.westbrookhay.co.uk,404
Lockers Park School,https://www.lockerspark.co.uk,405
Abbot's Hill School,https://www.abbotshill.herts.sch.uk,406
The King's School,https://www.thekingsschool.com,408
St Joseph's in the Park,https://www.stjosephsinthepark.com,409
Berkhamsted School,https://www.berkhamsted.com,410
The Haberdashers' Boys'Prep School,https://www.habsboys.org.uk,411
Aldenham School,https://www.aldenham.com,413
St Margaret's School,https://www.stmargarets-school.org.uk,414
Immanuel College,https://www.immanuelcollege.co.uk,415
Haberdashers' Girls' School,https://www.habsgirls.org.uk,416
The Christian School，Takeley,https://www.tcst.org.uk,417
Howe Green House School,https://www.howegreenhouse.essex.sch.uk,418
Bishop's Stortford College Prep School,https://www.bishopsstortfordcollege.org,419
Edge Grove School,https://www.edgegrove.com,420
Egerton-Rothesay School,https://www.eger-roth.co.uk,421
Beechwood Park School,https://www.beechwoodpark.com,422
St Hilda's School,https://www.sthildasharpenden.co.uk,423
Aldwickbury School,https://www.aldwickbury.org.uk,424
Sherrardswood School,https://www.sherrardswood.co.uk,425
The Purcell School for Young Musicians,https://www.purcell-school.org,426
St Hilda's School,https://www.sthildasbushey.com,427
St Edmund's College,https://www.stedmundscollege.org,428
Tring Park School for the Performing Arts,https://www.tringpark.com,429
St Columba's College,https://www.stcolumbascollege.org,430
St Albans High School for Girls,https://www.stahs.org.uk,432
The Buchan School,https://www.kwc.im/the-buchan-school,435
Ryde School Pre-Prep & Prep,https://www.rydeschool.org.uk/pre-prep-and-prep-at-ryde-school,436
Priory School of Our Lady of Walsingham,https://www.prioryschool.org.uk,438
Wellesley House School,https://www.wellesleyhouse.org,439
Walthamstow Hall,https://www.walthamstow-hall.co.uk,440
Gad's Hill School,https://www.gadshill.org,441
King's School Rochester,https://www.kings-rochester.co.uk,442
St Andrew’s School,https://www.st-andrews.rochester.sch.uk,444
Radnor House Sevenoaks,https://www.radnor-sevenoaks.org,445
Russell House School,https://www.russellhouseschool.co.uk,446
Sevenoaks Preparatory School,https://www.theprep.org.uk,447
Sevenoaks School,https://www.sevenoaksschool.org/home,448
Solefield School,https://www.solefieldschool.org,449
St Michael's Preparatory School,https://www.stmichaels.kent.sch.uk,450
Spring Grove School,https://www.springgroveschool.co.uk,451
The New Beacon School,https://www.newbeacon.org.uk,452
Sutton Valence School,https://www.svs.org.uk,453
Hilden Grange Preparatory School,https://www.hildengrange.co.uk,454
Hilden Oaks Preparatory School & Nursery,https://www.hildenoaks.co.uk,455
Somerhill Independent School,https://www.somerhill.org,457
Beechwood School,https://www.beechwood.org.uk,459
Holmewood House School,https://www.holmewoodhouse.co.uk,460
Kent College Pembury,https://www.kent-college.co.uk,461
The Mead School,https://www.meadschool.co.uk,462
Rose Hill School,https://www.rosehillschool.co.uk,463
The Granville School,https://www.granvilleschool.org,464
Marlborough House School,https://www.marlboroughhouseschool.co.uk,465
Haddon Dene Preparatory School,https://www.haddondene.co.uk,466
Junior King's School,https://www.junior-kings.co.uk,468
Kent College Infant and Junior School,https://www.kentcollege.com/junior-index.php,470
St Edmund's School,https://www.stedmunds.org.uk,471
St Faith's Prep School,https://www.stfaithsprep.com,472
St Lawrence College Junior School,https://www.slcuk.com,475
Dulwich Prep Cranbrook,https://www.dulwichprepcranbrook.org,476
Northbourne Park School,https://www.northbournepark.com,478
Dover College,https://www.dovercollege.org.uk,479
Lorenden Preparatory School,https://www.lorenden.org,480
Bronte School,https://www.bronteschool.co.uk,482
St Ronan's School,https://www.saintronans.co.uk,484
Fosse Bank School,https://www.fossebankschool.co.uk,485
Steephill School,https://www.steephill.co.uk,486
OneSchool Global Maidstone Campus,https://www.oneschoolglobal.com/campus/united-kingdom/maidstone,487
Ashford School,https://www.ashfordschool.co.uk,488
Islamiyah Girls High School,https://www.islamiyahschoolblackburn.com,490
St Pius X Catholic Preparatory School,https://www.stpiusx.co.uk,491
Oakhill School & Nursery,https://www.oakhillschool.co.uk,492
The Alternative School,https://www.thealternativeschool.co.uk,493
Kirkham Grammar School,https://www.kirkhamgrammar.co.uk,494
Highfield Priory School,https://www.highfieldpriory.co.uk,495
Ashbridge Independent School and Nursery,https://www.ashbridgeschool.co.uk,496
OneSchool Global Lancaster Campus,https://www.oneschoolglobal.com/campus/united-kingdom/lancaster,498
Farrowdale House Preparatory School,https://www.farrowdale.co.uk,499
Scarisbrick Hall School,https://www.scarisbrickhallschool.co.uk,500
Rossall School,https://www.rossall.org.uk,501
Westholme School,https://www.westholmeschool.com,502
Stonyhurst College,https://www.stonyhurst.ac.uk,503
AKS Lytham,https://www.akslytham.com,504
St Joseph’s Park Hill School,https://www.parkhillschool.co.uk,505
Moorland School,https://www.moorlandschool.co.uk,506
Ratcliffe College,https://www.ratcliffecollege.com,507
Leicester Grammar School,https://www.leicestergrammar.org.uk,508
Jameah Girls Academy,https://www.jameahgirlsacademy.com,509
Emmanuel Christian School Leicester,https://www.leicesterchristianschool.org,510
St Crispin's School,https://www.stcrispins.co.uk,512
Fairfield Prep School,https://www.lsf.org/fairfield,513
Loughborough Amherst School,https://www.lsf.org/amherst,514
Loughborough Grammar School,https://www.lsf.org/grammar,515
LGS Stoneygate School,https://www.lgs-stoneygate.org.uk,516
The Dixie Grammar School,https://www.dixie.org.uk,517
Leicester Preparatory School,https://www.leicesterprepschool.co.uk,518
Leicester High School for Girls,https://www.leicesterhigh.co.uk,519
Handel House Preparatory School,https://www.handelhouseschool.com,522
Lincoln Minster School,https://www.lincolnminsterschool.co.uk,523
Grantham Preparatory International School,https://www.tgps.co.uk,524
St. James School,https://www.saintjamesschool.co.uk,525
Witham Hall School,https://www.withamhall.com,526
Burton Hathow Preparatory School,https://www.burtonhathow.co.uk,527
Ayscoughfee Hall School,https://www.ahs.me.uk,528
Kirkstone House School,https://www.kirkstonehouseschool.co.uk,529
OneSchool Global Ridgeway Campus,https://www.oneschoolglobal.com/campus/united-kingdom/ridgeway,530
Copthill Independent School,https://www.copthill.com,531
Stamford Junior School,https://www.stamfordschools.org.uk,532
St Martin's Preparatory School,https://www.stmartinsprep.co.uk,534
Bicker Preparatory School and Early Years,https://www.bickerprep.co.uk,535
St Hugh's School,https://www.st-hughs.lincs.sch.uk,536
Rokeby School,https://www.rokebyschool.co.uk,538
Holy Cross Preparatory School,https://www.holycrossprepschool.co.uk,540
Faraday School,https://www.faradayschool.co.uk,543
Shrewsbury House School,https://www.shrewsburyhouse.net,545
Surbiton High Boys' Prep School,https://www.surbitonhigh.com/boys-prep,546
Surbiton High Girls' Prep School,https://www.surbitonhigh.com/girls-prep/,547
The Study School,https://www.thestudyschool.co.uk,549
Park Hill Preparatory School & Nursery,https://www.parkhillschool.com,550
The John Lyon School,https://www.johnlyon.org,551
Buckingham Preparatory School,https://www.buckprep.org,552
Holland House School,https://www.hollandhouse.org.uk,554
North London Collegiate School,https://www.nlcs.org.uk,555
Orley Farm School,https://www.orleyfarm.harrow.sch.uk,556
The St Michael Steiner School,https://www.stmichaelsteiner.hounslow.sch.uk,558
Suffah Primary School,https://www.suffahschool.hounslow.sch.uk,560
Ashton House School,https://www.ashtonhouse.com,562
Chiswick & Bedford Park Preparatory School,https://www.cbppschool.co.uk,563
Falcons Pre-Preparatory Chiswick,https://www.falconschiswick.co.uk,564
Heathfield House School,https://www.heathfieldhouse.co.uk,565
King's College Junior School,https://www.kcs.org.uk/junior-school,566
Reddiford School,https://www.reddiford.co.uk,567
The Mall School,https://www.themallschool.org.uk,568
Westbury House School,https://www.westburyhouse.surrey.sch.uk,569
Chepstow House School,https://www.chepstowhouseschool.co.uk,570
Unicorn School,https://www.unicornschool.org.uk,571
Alpha Prep School,https://www.alpha.harrow.sch.uk,572
Twickenham Prep School,https://www.twickenhamprep.org.uk,573
Kew College,https://www.kewcollege.com,574
Tower House School,https://www.thsboys.org.uk,575
"St Catherine's School, Twickenham",https://www.stcatherineschool.co.uk,577
Radnor House Twickenham,https://www.radnor-twickenham.org,578
Old Vicarage School,https://www.oldvicarageschool.com,579
Newland House School,https://www.newlandhouse.net,580
Lady Eleanor Holles School,https://www.lehs.org.uk,581
King's House School,https://www.kingshouseschool.org,582
St Anthony's School for Girls,https://www.stanthonysgirls.co.uk,583
Willington School,https://www.willingtonschool.co.uk,584
Liberty Woodland School,https://www.libertywoodlandschool.com,586
St Paul's School,https://www.stpaulsschool.org.uk,587
The London Acorn School,https://www.thelondonacornschool.co.uk,588
The Rowans School,https://www.rowans.org.uk,589
Kew Green Preparatory School,https://www.kgps.co.uk,590
Ursuline Preparatory School,https://www.ursulineprep.org,591
Donhead Preparatory School,https://www.donhead.org.uk,592
Wimbledon Common Preparatory School,https://www.wcps.org.uk,593
Wimbledon High School GDST,https://www.wimbledonhigh.gdst.net,594
Broomfield House School,https://www.broomfieldhouse.com,595
Falcons Prep - Richmond,https://www.falconsprep.co.uk,596
Hampton Court House,https://www.hamptoncourthouse.co.uk,597
Hampton Pre-Prep School,https://www.hamptonprep.org.uk,598
The Study Preparatory School,https://www.thestudyprep.co.uk,599
The King Alfred School,https://www.kingalfred.org.uk,601
Belmont Mill Hill Preparatory School,https://www.millhill.org.uk/prep/,603
Annemount School,https://www.annemount.co.uk,604
St Paul's Cathedral School,https://www.spcslondon.com,605
City of London School For Girls,https://www.clsg.org.uk,606
City of London School,https://www.cityoflondonschool.org.uk,607
Charterhouse Square School,https://www.charterhousesquareschool.co.uk,608
Cameron Vale School,https://www.cameronvaleschool.com,609
Bassett House School,https://www.bassetths.org.uk,610
St Martin's School,https://www.stmartins.org.uk,611
St John's School,https://www.st-johns.org.uk,612
St Helen's School,https://www.sthelens.london,613
Goodwyn School,https://www.goodwyn-school.co.uk,614
Croydon High School GDST,https://www.croydonhigh.gdst.net,615
Royal Russell School,https://www.royalrussell.co.uk,616
Old Palace of John Whitgift School,https://www.oldpalace.croydon.sch.uk,617
Oakwood School,https://www.oakwoodschool.org.uk,618
Laleham Lea School,https://www.lalehamlea.co.uk,619
Elmhurst School for Boys,https://www.elmhurstschool.net,620
St Helen's College,https://www.sthelenscollege.com,621
Cumnor House School,https://www.cumnorhouse.com,622
Northwood College for Girls GDST,https://www.northwoodcollege.gdst.net,623
St Christopher's School,https://www.stchristophersschool.org.uk,625
Abercorn School,https://www.abercornschool.com,626
Gatehouse School,https://www.gatehouseschool.co.uk,627
ACS Hillingdon International School,https://www.acs-schools.com/hillingdon,628
Hendon Preparatory School,https://www.hendonprep.co.uk,629
Cumnor House School for Girls,https://www.cumnorhouse.com/cumnor-girls-purley,630
Eltham College,https://www.elthamcollege.london,631
Rosemary Works School,https://www.rosemaryworks.com,632
The King Fahad Academy,https://www.thekfa.org.uk,633
St Benedict's School,https://www.stbenedicts.org.uk,634
St Augustine's Priory,https://www.sapriory.com,635
Orchard House School,https://www.orchardhs.org.uk,636
Notting Hill and Ealing High School GDST,https://www.nhehs.gdst.net,637
Harvington Prep School and Nursery,https://www.harvingtonschool.com,638
Durston House,https://www.durstonhouse.org,640
Clifton Lodge School,https://www.cliftonlodgeschool.co.uk,641
Avenue House School,https://www.avenuehouse.org,642
Wickham Court School,https://www.wickhamcourt.org.uk,643
St David's Prep,https://www.stdavidsprep.com,644
Dwight School London,https://www.dwightlondon.org,645
Susi Earnshaw Theatre School,https://www.sets.org.uk,646
Kerem School,https://www.keremschool.co.uk,647
Lyonsdown School,https://www.lyonsdownschool.co.uk,648
Mill Hill Pre-Prep - Grimsdell,https://www.millhill.org.uk/pre-prep/,650
St Christopher's The Hall School,https://www.stchristophersthehall.org.uk,652
Nancy Reuben Primary School,https://www.nrps.co.uk,653
Farringtons School,https://www.farringtons.org.uk,654
Babington House School,https://www.babingtonhouse.com,655
Bickley Park School,https://www.bickleyparkschool.co.uk,656
Bishop Challoner School,https://www.bishopchallonerschool.com,657
Breaside Preparatory School,https://www.breaside.co.uk,658
Bromley High School GDST,https://www.bromleyhigh.gdst.net,659
The Lyceum,https://www.lyceumschool.co.uk,660
St Olave's Preparatory School,https://www.stolaves.org.uk,662
James Allen's Girls' School,https://www.jags.org.uk,663
Whitgift School,https://www.whitgift.co.uk,664
Blackheath High School GDST,https://www.blackheathhighschool.gdst.net,665
Blackheath Prep,https://www.blackheathprep.co.uk,666
Colfe’s Junior School,https://www.colfes.com,667
Greenwich Steiner School,https://www.greenwichsteinerschool.org.uk,669
Heath House Preparatory School,https://www.heathhouseprepschool.com,670
The New School London,https://www.thenewschool.org.uk,671
The Pointer School,https://www.pointers.school,672
Buttercup Primary School,https://www.buttercupprimary.co.uk,673
Avenue Pre-Preparatory School & Nursery,https://www.avenuepreprep.co.uk,674
Channing School,https://www.channing.co.uk,675
Highgate School,https://www.highgateschool.org.uk,676
Islamic Shakhsiyah Foundation,https://www.shakhsiyahschools.uk,677
Norfolk House School,https://www.norfolkhouseschool.org,678
Odyssey House School,https://www.odysseyeducation.org.uk/odyssey-house-school,679
Falkner House School,https://www.falknerhouse.co.uk,681
Garden House School,https://www.gardenhouseschool.co.uk,682
Riverston School,https://www.riverstonschool.co.uk,683
Maple Walk School,https://www.maplewalkschool.co.uk,684
London Christian School,https://www.londonchristianschool.com,685
Oakfield Preparatory School,https://www.oakfield.dulwich.sch.uk,686
Rosemead Preparatory School & Nursery,https://www.rosemeadprepschool.org.uk,687
Forest School,https://www.forest.org.uk,688
Putney High School GDST,https://www.putneyhigh.gdst.net,689
Alamiyah School,https://www.alamiyahschool.org,690
Lady Aisha Academy,https://www.ladyaisha.co.uk,691
Trinity School,https://www.trinity-school.org,693
Lyceé International de Londres Winston Churchill,https://www.lyceeinternational.london,694
Kensington Wade School,https://www.kensingtonwade.com,695
St David's School,https://www.stdavidsschool.co.uk,696
Abingdon House School & College,https://www.abingdonhouseschool.co.uk,698
Wandsworth Preparatory School,https://www.wandsworthprep.com,699
Thomas's Clapham,https://www.thomas-s.co.uk/thomass-clapham,700
Thomas's Battersea,https://www.thomas-s.co.uk/thomass-battersea,701
The Roche School,https://www.therocheschool.com,702
The Falcons School for Girls,https://www.falconsgirls.co.uk,703
Thames Christian School,https://www.thameschristianschool.org.uk,704
Buxlow Preparatory School,https://www.buxlowschool.org.uk,705
Eaton House The Manor School,https://www.eatonhouseschools.com,706
Bancroft's School,https://www.bancrofts.org,707
Snaresbrook Preparatory School,https://www.snaresbrookprep.org,708
St Aubyn's School,https://www.staubyns.com,709
Woodford Green Preparatory School,https://www.wgprep.co.uk,710
Collingwood School,https://www.collingwoodschool.org.uk,711
Homefield Preparatory School,https://www.homefield.sutton.sch.uk,712
Seaton House School,https://www.seatonhouse.sutton.sch.uk,713
Sutton High School GDST,https://www.suttonhigh.gdst.net,714
Glendower Preparatory School,https://www.glendowerprep.org,715
Dolphin School,https://www.dolphinschool.org.uk,716
St Dunstan's College,https://www.stdunstans.org.uk,717
Emanuel School,https://www.emanuel.org.uk,718
Eveline Day School,https://www.evelinedayschool.com,719
Finton House School,https://www.fintonhouse.org.uk,720
Hornsby House School,https://www.hornsbyhouse.org.uk,721
Hurlingham School,https://www.hurlinghamschool.co.uk,722
Ibstock Place School,https://www.ibstockplaceschool.co.uk,723
Newton Prep School,https://www.newtonprepschool.co.uk,724
Northcote Lodge,https://www.northwoodschools.com/northcote-lodge,725
Prospect House School,https://www.prospecths.org.uk,726
Broomwood Hall School,https://www.northwoodschools.com/broomwood-hall-lower-school,727
Southbank International School (Kensington),https://www.southbank.org/campuses/kensington,728
Knightsbridge School,https://www.knightsbridgeschool.com,730
La Petite Ecole Bilingue - The Stewart Bilingual School,https://www.stewartbilingualschool.com,731
Norland Place School,https://www.norlandplace.com,734
Notting Hill Preparatory School,https://www.nottinghillprep.com,735
Pembridge Hall School,https://www.pembridgehall.co.uk,736
Prince’s Gardens Preparatory School,https://www.princesgardensprep.co.uk,737
Avon House School,https://www.avonhouseschool.co.uk,738
Redcliffe Gardens School,https://www.redcliffegardens.com,739
Sydenham High School GDST,https://www.sydenhamhighschool.gdst.net,740
St James Preparatory & Nursery School,https://www.stjamesschools.co.uk/prepschool,741
Sussex House School,https://www.sussexhouseschool.co.uk,743
The Hampshire School Chelsea,https://www.thehampshireschoolchelsea.co.uk,744
Thomas's Kensington,https://www.thomas-s.co.uk/thomass-kensington,745
Wetherby Kensington School,https://www.wetherby-kensington.co.uk,746
Wetherby Pre-Preparatory School,https://www.wetherbyprep.co.uk,747
Rose House Montessori School,https://www.rose-house-montessori.com,748
Instituto Espanol Canada Blanch,https://www.vicentecanadablanch.educalab.es,749
Queen's Gate School,https://www.queensgate.org.uk,750
Lyndhurst House Preparatory School,https://www.lyndhursthouse.co.uk,751
St Mary's School Hampstead,https://www.stmh.co.uk,752
West Lodge Preparatory School,https://www.westlodge.org.uk,753
Brondesbury College,https://www.brondesburycollege.co.uk,755
Devonshire House Preparatory School,https://www.devonshirehouseschool.co.uk,757
Ecole Jeannine Manuel,https://www.ecolejeanninemanuel.org.uk,758
The Hall School,https://www.hallschool.co.uk,759
Hampstead Hill School,https://www.hampsteadhillschool.co.uk,761
Hereward House School,https://www.herewardhouse.co.uk,763
Wetherby Preparatory School,https://www.wetherbyprep.co.uk,764
North Bridge House Nursery & Pre-Prep Schools,https://www.northbridgehouse.com/nursery-and-pre-prep-hampstead,765
North Bridge House Prep School,https://www.northbridgehouse.com,766
North Bridge House Senior Hampstead,https://www.northbridgehouse.com/senior-hampstead,768
Sarum Hall School,https://www.sarumhallschool.co.uk,769
South Hampstead High School GDST,https://www.shhs.gdst.net,770
Southbank International School (Hampstead),https://www.southbank.org/campuses/hampstead,771
St Anthony's School For Boys,https://www.stanthonysprep.org.uk,772
St Christopher's School,https://www.stchristophers.london,773
Normanhurst School,https://www.normanhurstsch.co.uk,774
Heathside School Hampstead,https://www.heathsideschoolhampstead.com,775
Naima Jewish Preparatory School,https://www.naimajps.org.uk,776
Arnold House School,https://www.arnoldhouse.co.uk,777
Connaught House School,https://www.connaughthouseschool.co.uk,778
Eaton House Belgravia School,https://www.eatonhouseschools.com,779
Eaton Square Prep School,https://www.eatonsquareschools.com,780
EIFA International School,https://www.eifaschool.com,782
Fairley House School,https://www.fairleyhouse.org.uk,783
"Francis Holland School, Sloane Square",https://www.fhs-sw1.org.uk,785
International School London,https://www.icschool.co.uk,786
Merton Court Preparatory School,https://www.mertoncourtprep.co.uk,787
The Cavendish School,https://www.cavendishschool.co.uk,789
Portland Place School,https://www.portland-place.co.uk,790
Queen's College London,https://www.qcl.org.uk,791
Saint Christina's School,https://www.saintchristinas.org.uk,792
Southbank International (Westminster),https://www.southbank.org,793
Sylvia Young Theatre School,https://www.syts.co.uk,794
The Royal Ballet School,https://www.royalballetschool.org.uk,795
Westminster Abbey Choir School,https://www.abbeychoirschool.org,796
Westminster Cathedral Choir School,https://www.choirschool.com,797
Westminster Under School,https://www.westminster.org.uk,799
Grangewood Independent School,https://www.grangewoodschool.com,801
The Gower Primary School,https://www.thegowerschool.co.uk,802
Gidea Park Preparatory School and Nursery,https://www.gideaparkprep.co.uk,803
Dulwich Prep London,https://www.dulwichpreplondon.org,804
Herne Hill School,https://www.hernehillschool.co.uk,805
Dulwich College,https://www.dulwich.org.uk,806
St Margaret's School,https://www.st-margarets.co.uk,807
Immanuel School,https://www.immanuel.london/school,808
Burlington House School,https://www.burlingtonhouseschool.com,809
Alleyn's Junior School,https://www.alleyns.org.uk/junior,810
White House Preparatory School,https://www.whitehouseschool.com,812
Streatham & Clapham High School GDST,https://www.schs.gdst.net,813
St Mary's Hare Park School,https://www.stmarysharepark.co.uk,815
Dallington School,https://www.dallingtonschool.co.uk,816
Dania Scandinavian School,https://www.daniaschool.com,817
St Paul's Steiner School,https://www.stpaulssteinerschool.org,818
The Children's House School,https://www.childrenshouseschool.co.uk,819
Azbuka Russian-English Bilingual School,https://www.azbukafoundation.org,821
The Mulberry House School,https://www.mulberryhouseschool.com,822
Trevor-Roberts School,https://www.trevor-robertsschool.co.uk,823
University College School Pre-Prep,https://www.ucs.org.uk/pre-prep,824
University College School Junior Branch,https://www.ucs.org.uk/junior,825
Grange Park Preparatory School,https://www.gpps.org.uk,827
Keble Prep School,https://www.kebleprep.co.uk,828
Palmers Green High School,https://www.pghs.co.uk,829
Thomas's Fulham,https://www.thomas-s.co.uk/thomass-fulham,830
Vita et Pax Preparatory School,https://www.vitaetpax.co.uk,831
Bute House Preparatory School for Girls,https://www.butehouse.co.uk,832
Evergreen Primary School,https://www.evergreenprimary.org.uk,833
Kensington Prep School,https://www.kensingtonprep.gdst.net,835
Latymer Upper School,https://www.latymer-upper.org,836
Parsons Green Prep School,https://www.parsonsgreenprep.co.uk,837
Ravenscourt Park Preparatory School,https://www.rpps.co.uk,838
Salcombe Preparatory School,https://www.salcombeprep.co.uk,839
Merchant Taylors'School,https://www.merchanttaylors.com,840
Birkenhead School,https://www.birkenheadschool.co.uk,841
Avalon School,https://www.avalon-school.co.uk,842
Tower College,https://www.towercollege.com,843
Prenton Preparatory School,https://www.prentonprep.co.uk,844
The Belvedere Preparatory School,https://www.belvedereprep.com,845
Stanfield Preparatory School,https://www.merchanttaylors.com/stanfield-primary/,846
Christian Fellowship School,https://www.cfschool.org.uk,848
Carleton House Preparatory School,https://www.carletonhouse.co.uk,849
St Mary's College,https://www.stmarys.ac,850
Dean Close St John's School,https://www.deanclosestjohns.org.uk,851
Norwich School - The Lower School,https://www.norwich-school.org.uk,852
"Red Balloon Centre, Norwich",https://www.redballoonlearner.org/locations/red-balloon-norwich,853
Thetford Grammar School,https://www.thetfordgrammar.co.uk,854
Norwich High School for Girls,https://www.norwichhigh.gdst.net,855
Town Close School,https://www.townclose.com,856
Notre Dame Prep School,https://www.notredameprepschool.co.uk,857
Langley Preparatory School,https://www.langleyschool.co.uk/prep/,859
Langley School,https://www.langleyschool.co.uk,860
Glebe House School & Nursery,https://www.glebehouseschool.co.uk,862
Gresham's Prep School,https://www.greshams.com,864
Beeston Hall School,https://www.beestonhall.co.uk,865
OneSchool Global Swaffham Campus,https://www.oneschoolglobal.com/campus/united-kingdom/swaffham,867
Winchester House School,https://www.stowe.co.uk/winchester-house,868
Spratton Hall School,https://www.sprattonhall.com,869
Quinton House School,https://www.quintonhouseschool.co.uk,870
Pitsford School,https://www.pitsfordschool.com,871
Overstone Park School,https://www.overstoneparkschool.co.uk/default.aspx,872
OneSchool Global Northampton Campus,https://www.oneschoolglobal.com/campus/united-kingdom/northampton,873
Northampton High School,https://www.northamptonhigh.co.uk,874
Maidwell Hall School,https://www.maidwellhall.co.uk,875
St Peter's School,https://www.st-peters.org.uk,876
Laxton Junior School,https://www.laxtonjunior.org.uk,878
Wellingborough School,https://www.wellingboroughschool.org,879
Mowden Hall School,https://www.mowdenhallpst.org,881
Longridge Towers School,https://www.lts.org.uk,882
Hollygirt School,https://www.hollygirt.co.uk,883
Wellow House School,https://www.wellowhouse.notts.sch.uk,884
Nottingham Girls' High School,https://www.nottinghamgirlshigh.gdst.net,885
Nottingham High School,https://www.nottinghamhigh.co.uk,886
OneSchool Global Nottingham Campus,https://www.oneschoolglobal.com/campus/united-kingdom/nottingham,887
Plumtree School,https://www.plumtreeschool.co.uk,888
Salterford House School,https://www.salterfordhouseschool.co.uk,889
St Joseph's School,https://www.st-josephs.nottingham.sch.uk,890
Worksop College,https://www.wsnl.co.uk,892
Highfields School,https://www.highfieldsschool.co.uk,893
The Unicorn School,https://www.unicornoxford.co.uk,895
Cranford House School,https://www.cranfordhouse.net,897
Moulsford Boys' Prep School,https://www.moulsford.com,898
Cokethorpe School,https://www.cokethorpe.org.uk,899
The King's School Witney,https://www.tkswitney.org.uk,900
The Manor Preparatory School,https://www.manorprep.org,902
Sibford School,https://www.sibfordschool.co.uk,903
St Helen and St Katharine,https://www.shsk.org.uk,904
Oratory Preparatory School,https://www.oratoryprep.co.uk,906
Cothill House,https://www.cothillpst.org,907
Carrdus School,https://www.carrdusschool.co.uk,908
Abingdon Preparatory School,https://www.abingdon.org.uk/prep,909
Our Lady's Abingdon School,https://www.ola.org.uk,910
St Hugh's School,https://www.st-hughs.co.uk,911
Dragon School,https://www.dragonschool.org,912
Christ Church Cathedral School,https://www.cccs.org.uk,914
Chandlings Prep,https://www.chandlingspst.org,916
Emmanuel Christian School,https://www.ecschool.co.uk,917
St Mary's Preparatory School,https://www.stmarys-henley.co.uk,919
Windrush Valley School,https://www.windrushvalleyschool.co.uk,920
Bruern Abbey School,https://www.bruernabbey.org,922
St John's Priory School,https://www.stjohnspriory.co.uk,925
Rupert House School,https://www.ruperthouse.org,928
Summer Fields School,https://www.summerfields.com,929
Headington School,https://www.headington.org,930
Rye St Antony School,https://www.ryestantony.co.uk,932
Magdalen College School,https://www.mcsoxford.org,935
Oxford High School,https://www.oxfordhigh.gdst.net,936
Oxford Montessori Schools,https://www.oxfordmontessori.co.uk,937
New College School,https://www.newcollegeschool.org,938
Oakham School,https://www.oakham.rutland.sch.uk,940
Brooke Priory School,https://www.brooke.rutland.sch.uk,941
Moreton Hall,https://www.moretonhall.org,942
Birchfield School,https://www.birchfieldschool.co.uk,943
Castle House School,https://www.castlehouseschool.co.uk,944
Shrewsbury High School,https://www.shrewsburyhigh.gdst.net,945
Oswestry School,https://www.oswestryschool.com,946
Adcote School for Girls,https://www.adcoteschool.co.uk,947
Packwood Haugh School,https://www.packwood-haugh.co.uk,949
Prestfelde School,https://www.prestfelde.co.uk,950
St Winefride's Independent School,https://www.stwinefrides.com,952
Bedstone College,https://www.bedstone.org,953
The Old Hall School,https://www.oldhall.co.uk,954
Ellesmere College,https://www.ellesmere.com,955
Moor Park School,https://www.moorpark.org.uk,956
Monkton Combe School,https://www.monktoncombeschool.com,959
The Levels School,https://www.thelevelsschool.co.uk,961
"King Edward's School, Bath",https://www.kesbath.com,964
Kingswood Preparatory School,https://www.kingswood.bath.sch.uk/prep-school,965
Hazlegrove Preparatory School,https://www.hazlegrove.co.uk,967
Sidcot School,https://www.sidcot.org.uk,968
Wells Cathedral School,https://www.wells.cathedral.school,969
Wellington School,https://www.wellington-school.org.uk,970
Taunton Senior School,https://www.tauntonschool.co.uk,971
All Hallows School,https://www.allhallowsschool.co.uk,972
Queen's College Prep School,https://www.queenscollege.org.uk/pre-prep-prep/,973
Paragon School,https://www.paragonschool.co.uk,974
King's Hall School,https://www.kings-taunton.co.uk/,975
Millfield Prep School,https://www.millfieldschool.com/prep-7-13,977
Abbot's Way School,https://www.abbotswayschool.co.uk,978
Springmead School,https://www.springmead.com,979
Perrott Hill School,https://www.perrotthill.com,980
Chard School,https://www.chardschool.co.uk,981
"Royal High School Bath, GDST",https://www.royalhighbath.gdst.net,983
Taunton Preparatory School,https://www.tauntonschool.co.uk/prep,985
St Dominic's Priory School,https://www.stdominicspriory.co.uk,986
Chase Grammar School,https://www.chasegrammar.com,987
"St Dominic’s Grammar School, Brewood",https://www.stdominicsgrammarschool.co.uk,988
St Joseph's Preparatory School,https://www.stjosephsprepschool.co.uk,989
Lichfield Cathedral School,https://www.lichfieldcathedralschool.com,990
Maple Hayes Hall School,https://www.maplehayeshallschool.squarespace.com,991
Edenhurst Preparatory School,https://www.edenhurst.co.uk,992
Newcastle-under-Lyme School,https://www.nuls.org.uk,993
Stafford Grammar School,https://www.staffordgrammar.co.uk,994
Denstone College and The Prep at Denstone College,https://www.denstonecollege.org/the-prep-at-denstone-college,995
Yarlet School,https://www.yarletschool.uk,996
Ipswich Prep School,https://www.ipswich.school/prep,998
Barnardiston Hall Preparatory School,https://www.barnardiston-hall.co.uk,999
South Lee School & Nursery,https://www.southlee.co.uk,1000
The Meadows Montessori Independent School,https://www.themeadowsmontessori.com,1001
Brookes UK,https://www.uk.brookes.org,1002
Summerhill School,https://www.summerhillschool.co.uk,1003
Centre Academy East Anglia,https://www.centreacademy.net,1004
The Old School Henstead,https://www.theoldschoolhenstead.co.uk,1005
Culford School,https://www.culford.co.uk,1006
Old Buckenham Hall School,https://www.obh.co.uk,1007
Orwell Park School,https://www.orwellpark.co.uk,1008
St Joseph's College,https://www.stjos.co.uk,1009
Fairstead House School and Nursery,https://www.fairsteadhouseschool.co.uk,1011
Saint Felix School,https://www.stfelix.co.uk,1012
Finborough School,https://www.finboroughschool.co.uk,1013
Framlingham College Prep School,https://www.framlinghamcollege.co.uk/lower-prep,1015
Woodbridge School,https://www.woodbridgeschool.org.uk,1016
Woodbridge School Prep,https://www.woodbridgeschool.org.uk,1017
Royal Hospital School,https://www.royalhospitalschool.org,1018
Ipswich High School,https://www.ipswichhighschool.co.uk,1019
St Ives School,https://www.stiveshaslemere.com,1021
Tormead School,https://www.tormeadschool.org.uk,1022
Cranmore School,https://www.cranmore.org,1023
St Catherine's School,https://www.stcatherines.info,1024
St George's Junior School,https://www.stgeorgesweybridge.com,1025
Woodcote House School,https://www.woodcotehouseschool.co.uk,1027
Cranleigh Preparatory School,https://www.cranprep.org,1028
RGS Prep School,https://www.rgsg.co.uk,1029
Longacre School,https://www.longacre.surrey.sch.uk,1030
Guildford High School,https://www.guildfordhigh.co.uk,1031
St Hilary's School,https://www.sthilarysschool.com,1032
OneSchool Global Hindhead Campus,https://www.oneschoolglobal.com/campus/united-kingdom/hindhead,1034
Barrow Hills School,https://www.barrowhills.org,1035
Aldro School,https://www.aldro.org,1036
More House School,https://www.morehouseschool.co.uk,1037
Ewell Castle School,https://www.ewellcastle.co.uk,1038
TASIS The American School in England,https://www.tasisengland.org,1040
Bishopsgate School,https://www.bishopsgate-school.co.uk,1041
ACS International School Egham,https://www.acs-schools.com,1042
St Teresa's Effingham,https://www.st-teresas.com/,1043
Belmont School,https://www.belmont-school.org,1046
Halstead Preparatory School for Girls,https://www.halstead-school.org.uk,1050
Hoe Bridge School,https://www.hoebridgeschool.co.uk,1051
Ripley Court School,https://www.ripleycourt.co.uk,1052
St Andrew's School(Woking),https://www.st-andrews.woking.sch.uk,1053
Glenesk School,https://www.gleneskschool.co.uk,1055
Downsend School,https://www.downsend.co.uk,1056
Danes Hill School,https://www.daneshillschool.co.uk,1057
Rydes Hill Preparatory School & Nursery,https://www.rydeshill.com,1058
Little Downsend Leatherhead,https://www.downsend.co.uk/welcome-to-little-downsend,1059
Lingfield College,https://www.lingfieldcollege.co.uk,1061
Date Valley School,https://www.dvst.org.uk,1062
"The Royal School, Haslemere",https://www.royal-school.org,1063
Staines Preparatory School,https://www.stainesprep.co.uk,1064
Greenfield School,https://www.greenfield.surrey.sch.uk,1065
St Edmund's School,https://www.saintedmunds.co.uk,1066
Warlingham Park School,https://www.warlinghamparkschool.com,1067
Danesfield Manor School,https://www.danesfieldmanorschool.co.uk,1068
Weston Green School,https://www.westongreenschool.org.uk,1069
Hazelwood School,https://www.hazelwoodschool.co.uk,1070
Aberdour School,https://www.aberdourschool.co.uk,1071
The Hawthorns School,https://www.hawthorns.com,1072
Reigate St Mary's Preparatory and Choir School,https://www.reigatestmarys.org,1074
"Moon Hall School, Reigate",https://www.moonhallschoolreigate.co.uk,1076
Micklefield School,https://www.micklefieldschool.co.uk,1077
Amesbury School,https://www.amesburyschool.co.uk,1078
Chinthurst School,https://www.chinthurstschool.co.uk,1079
Claremont Fan Court School,https://www.claremontfancourt.co.uk,1080
Little Downsend Ashtead,https://www.downsend.co.uk,1081
City of London Freemen's School,https://www.freemens.org,1082
Kingswood House,https://www.kingswoodhouse.org,1086
Hall Grove School,https://www.hallgrove.co.uk,1087
St Christopher's School,https://www.st-christophers.surrey.sch.uk,1088
Duke of Kent School,https://www.dukeofkentschool.org.uk,1089
Milbourne Lodge,https://www.milbournelodge.co.uk,1090
Rowan Preparatory School,https://www.rowanprepschool.co.uk,1091
Shrewsbury House Pre Preparatory School,https://www.shrewsburyhousepreprep.net,1092
Barfield Prep School,https://www.barfieldpst.org,1093
Frensham Heights School,https://www.frensham.org,1094
The Yehudi Menuhin School,https://www.menuhinschool.co.uk,1095
Little Downsend Epsom,https://www.downsend.co.uk,1096
Edgeborough School,https://www.edgeborough.co.uk,1099
Banstead Preparatory School,https://www.bansteadprep.com,1100
Parkside School,https://www.parkside-school.co.uk,1101
Feltonfleet School,https://www.feltonfleet.co.uk,1103
ACS Cobham International School,https://www.acs-schools.com,1104
Coworth Flexlands Prep School and Nursery,https://www.coworthflexlands.co.uk,1105
OneSchool Global Kenley Campus,https://www.oneschoolglobal.com/campus/united-kingdom/kenley/,1107
Oakhyrst Grange School,https://www.oakhyrstgrangeschool.co.uk,1108
Lyndhurst School,https://www.lyndhurstschool.co.uk,1110
"Manor House School, Bookham",https://www.manorhouseschool.org,1111
Essendene Lodge School,https://www.essendenelodge.co.uk,1112
Caterham Prep,https://www.caterhamprep.co.uk,1113
Brighton College Prep School,https://www.brightoncollege.org.uk,1115
Brighton Girls GDST,https://www.brightongirls.gdst.net,1116
Sacred Heart School,https://www.sacredheartwadhurst.org.uk,1117
Lancing College Preparatory School Hove,https://www.lancingcollege.co.uk,1119
St Christopher's School,https://www.stchristophershove.org.uk,1120
The Montessori Place,https://www.themontessoriplace.org.uk,1121
Lewes Old Grammar School,https://www.logs.uk.com,1122
Battle Abbey School,https://www.battleabbeyschool.com,1123
Windlesham School,https://www.windleshamschool.co.uk,1124
Bede's Prep School,https://www.bedes.org,1125
St Andrew's Prep,https://www.standrewsprep.co.uk,1127
Greenfields Independent Day and Boarding School,https://www.greenfieldsschool.com,1128
Skippers Hill Manor Preparatory School,https://www.skippershill.com,1132
Vinehall School,https://www.vinehallschool.com,1133
Frewen College,https://www.frewencollege.co.uk,1134
Annan School,https://www.annanschool.co.uk,1135
Northease Manor School,https://www.northease.co.uk,1136
Hurstpierpoint College Preparatory School,https://www.hppc.co.uk/prep-school,1137
Brambletye School,https://www.brambletye.co.uk,1139
Cottesmore School,https://www.cottesmoreschool.com,1140
Copthorne Prep School,https://www.copthorneprep.co.uk,1141
Westbourne House School,https://www.westbournehouse.org,1142
The Prebendal School,https://www.prebendalschool.org.uk,1143
Pennthorpe Preparatory School,https://www.pennthorpe.com,1145
Oakwood School,https://www.oakwoodschool.co.uk,1146
Great Ballard School,https://www.greatballard.co.uk,1147
Burgess Hill Girls,https://www.burgesshillgirls.com,1148
Slindon College,https://www.slindoncollege.co.uk,1149
Conifers School,https://www.conifersschool.com,1151
Reflections Nursery and Forest School,https://www.reflectionsnurseries.co.uk,1152
Our Lady of Sion School,https://www.sionschool.org.uk,1153
Lancing College Preparatory School Worthing,https://www.lancingcollege.co.uk/prep-worthing,1154
Shoreham College,https://www.shorehamcollege.co.uk,1155
Windlesham House School,https://www.windlesham.com,1156
Seaford College,https://www.seaford.org,1158
Ardingly College,https://www.ardingly.com,1159
Sompting Abbotts Preparatory School,https://www.somptingabbotts.com,1160
Farlington School,https://www.farlingtonschool.com,1162
Handcross Park School,https://www.handcrossparkschool.co.uk,1163
Great Walstead,https://www.greatwalstead.co.uk,1164
Cumnor House Sussex,https://www.cumnor.co.uk,1165
Dorset House School,https://www.dorsethouseschool.com,1166
Newcastle School for Boys,https://www.newcastleschool.co.uk,1167
Dame Allan's Junior School and Nursery,https://www.dameallans.co.uk,1168
Newcastle Preparatory School,https://www.newcastleprepschool.org.uk,1170
Royal Grammar School,https://www.rgs.newcastle.sch.uk,1171
Westfield School,https://www.westfield.newcastle.sch.uk,1172
Argyle House School,https://www.argylehouseschool.co.uk,1173
Newcastle High School for Girls GDST,https://www.newcastlehigh.gdst.net,1174
The Croft Preparatory School,https://www.croftschool.co.uk,1175
Warwick School,https://www.warwickschool.org,1176
Arnold Lodge School,https://www.arnoldlodge.com,1177
Stratford Preparatory School,https://www.stratfordprep.co.uk,1178
Warwick Preparatory School,https://www.warwickprep.com,1180
Crescent School,https://www.crescentschool.co.uk/home/crescent,1181
Bilton Grange Preparatory School,https://www.biltongrange.co.uk,1182
The Kingsley School,https://www.thekingsleyschool.co.uk,1183
OneSchool Global Atherstone Campus,https://www.oneschoolglobal.com/campus/united-kingdom/atherstone,1186
Henley In Arden Montessori Primary School,https://www.henleymontessori.co.uk,1188
Crackley Hall School,https://www.crackleyhall.co.uk/home/crackle,1189
Priory School,https://www.prioryschool.net,1192
Hopwood Hall School,https://www.hopwoodhallschool.co.uk,1193
Norfolk House School,https://www.norfolkhouseschool.co.uk,1194
Highclare School,https://www.highclareschool.co.uk,1196
Hallfield School,https://www.hallfieldschool.co.uk,1197
Edgbaston High School for Girls,https://www.edgbastonhigh.co.uk,1199
Darul Uloom Islamic High School,https://www.darululoom.org.uk,1200
Birchfield Independent Girls School,https://www.bigs.bham.sch.uk,1201
Bablake and King Henry VIII School,https://www.bkhs.org.uk,1202
Al Ameen Primary School,https://www.alameen.bham.sch.uk,1203
West House School,https://www.westhouseprep.com,1205
Eversfield Prep School,https://www.eversfield.co.uk,1206
Ruckleigh School,https://www.ruckleigh.co.uk,1207
Solihull School,https://www.solsch.org.uk,1208
The Shrubbery School,https://www.shrubberyschool.com,1209
Lote Tree Primary School,https://www.lotetreeprimary.com,1210
King Henry VIII Preparatory School,https://www.kinghenrys.co.uk/junior-school,1211
The Blue Coat School Birmingham,https://www.thebluecoatschool.com,1214
Wolverhampton Grammar School,https://www.wgs.org.uk,1215
Pattison College,https://www.pattisons.co.uk,1216
St George's School - Edgbaston,https://www.sgse.co.uk,1218
Tettenhall College,https://www.tettenhallcollege.co.uk,1219
Newbridge Preparatory School,https://www.newbridgeprepschool.org.uk,1220
Mayfield Prep School,https://www.mayfieldprep.co.uk,1221
Hydesville Tower School,https://www.hydesville.com,1222
Emmanuel School,https://www.emmanuel-walsall.co.uk,1223
Rosslyn School,https://www.rosslynschool.co.uk,1225
Bishopstrow College,https://www.bishopstrow.com,1226
St Margaret's Preparatory School,https://www.stmargaretsprep.org.uk,1227
Salisbury Cathedral School,https://www.salisburycathedralschool.com,1228
OneSchool Global Salisbury Campus,https://www.oneschoolglobal.com/campus/united-kingdom/salisbury,1229
Leehurst Swan School,https://www.leehurstswan.org.uk,1230
Godolphin School,https://www.godolphin.org,1231
Chafyn Grove School,https://www.chafyngrove.co.uk,1232
Maranatha Christian School,https://www.maranathaschool.org,1233
Pinewood School,https://www.pinewoodschool.co.uk,1234
Emmaus School,https://www.emmaus-school.org.uk,1235
Sandroyd School,https://www.sandroyd.org,1236
Warminster School,https://www.warminsterschool.org.uk,1237
Lumiar Stowford,https://www.lumiar.co.uk,1238
Appleford School,https://www.applefordschool.org,1239
St Francis School,https://www.st-francis.wilts.sch.uk,1240
Stonar School,https://www.stonarschool.com,1241
Cricklade Manor Prep School,https://www.cricklademanor.com,1244
Heywood Prep,https://www.heywoodprep.com,1246
RGS The Grange,https://www.rgsw.org.uk,1247
The River School Worcester,https://www.riverschool.co.uk,1248
RGS Springfield,https://www.rgsw.org.uk,1250
Bromsgrove Preparatory School,https://www.bromsgrove-school.co.uk,1253
Nurture Learning,https://www.nurturelearning.co.uk,1254
Heathfield Knoll School,https://www.hkschool.org.uk,1255
Malvern St James Girls' School,https://www.malvernstjames.co.uk,1256
Winterfold House,https://www.winterfoldhouse.co.uk,1257
The Downs Malvern,https://www.thedownsmalvern.org.uk,1259
The Elms School,https://www.elmsschool.co.uk,1260
Abberley Hall School,https://www.abberleyhall.co.uk,1261
Gloverspiece School,https://www.gloverspieceminifarm.co.uk/school/,1262
Lokrum Fields School,https://www.widerambition.org,1263
King's St Alban's,https://www.ksw.org.uk,1264
King's Hawford,https://www.ksw.org.uk,1266
RGS Dodderhill,https://www.rgsw.org.uk/dodderhill,1267
Bowbrook House School,https://www.bowbrookhouseschool.co.uk,1268
Tranby School,https://www.tranby.org.uk,1269
Hymers College,https://www.hymerscollege.co.uk,1270
Pocklington School,https://www.pocklingtonschool.com,1271
Bootham School,https://www.boothamschool.com,1272
Yarm School,https://www.yarmschool.org,1273
Cundall Manor School,https://www.cundallmanorschool.com,1275
Queen Mary's School,https://www.queenmarys.org,1276
OneSchoolGlobal York Campus,https://www.oneschoolglobal.com/campus/united-kingdom/york,1277
Queen Ethelburga's College,https://www.qe.org,1278
The Mount School York,https://www.mountschoolyork.co.uk,1279
Harrogate Ladies' College,https://www.hlc.org.uk,1280
Aysgarth School,https://www.aysgarthschool.com,1281
Ashville College,https://www.ashville.co.uk,1282
Brackenfield School,https://www.brackenfieldschool.co.uk,1284
Scarborough College,https://www.scarboroughcollege.co.uk,1286
Read School,https://www.readschool.co.uk,1287
Giggleswick School,https://www.giggleswick.org.uk,1288
Fyling Hall School,https://www.fylinghall.org,1289
Terrington Hall Preparatory School,https://www.terringtonhall.com,1290
"St Peter's School, York 8-13",https://www.stpetersyork.org.uk/-st-peter-s-8-13,1291
"St Peter's School, York 2-8",https://www.stpetersyork.org.uk/-st-peter-s-2-8,1292
Belmont Grosvenor School,https://www.belmontgrosvenor.co.uk,1293
Westbourne School,https://www.westbourneschool.co.uk,1294
Sheffield High School for Girls,https://www.sheffieldhighschool.org.uk,1295
Mylnhurst Preparatory School and Nursery,https://www.mylnhurst.co.uk,1296
Birkdale School,https://www.birkdaleschool.org.uk,1297
Hill House School,https://www.hillhouse.doncaster.sch.uk,1298
Al Mu'min Primary and Secondary School,https://www.almumin.bradford.sch.uk/Main/,1299
Bradford Grammar School,https://www.bradfordgrammar.com,1300
Bronte House,https://www.woodhousegrove.co.uk,1301
Hipperholme Grammar School,https://www.hgsf.org.uk,1303
The Gleddings Preparatory School,https://www.thegleddings.co.uk,1304
Huddersfield Grammar School,https://www.huddersfield-grammar.co.uk,1305
The Mount School,https://www.themount.org.uk,1306
Ghyll Royd School and Pre-School,https://www.ghyllroydschool.co.uk,1307
Moorfield School and Nursery,https://www.moorfieldschool.co.uk,1308
Lady Lane Park School,https://www.ladylaneparkschool.co.uk,1309
Dale House School,https://www.dhschool.co.uk,1310
Queen Elizabeth Grammar School,https://www.wgsf.org.uk/qegs,1311
Woodhouse Grove School,https://www.woodhousegrove.co.uk,1312
Wakefield Grammar Pre-Preparatory School,https://www.wgsf.org.uk/wgpps,1313
Westville House School,https://www.westvillehouseschool.co.uk,1314
Al Kauthar Girls Academy,https://www.newhorizonschool.co.uk,1315
Fulneck School,https://www.fulneckschool.co.uk,1316
Gateways School,https://www.gatewaysschool.co.uk,1317
Moorlands School,https://www.moorlands-school.co.uk,1318
Richmond House School,https://www.rhschool.org,1319
The Froebelian School,https://www.froebelian.com,1320
The Grammar School at Leeds,https://www.gsal.org.uk,1321
Ackworth School,https://www.ackworthschool.com,1322
Rishworth School,https://www.rishworth-school.co.uk,1323
Silcoates School,https://www.silcoates.org.uk,1324
Wakefield Girls' High School,https://www.wgsf.org.uk/wghs,1325
Cambridge Street School,https://www.cambridgestreetschool.co.uk,1326
Albyn School,https://www.albynschool.co.uk,1327
Robert Gordon's College,https://www.rgc.aberdeen.sch.uk,1328
St Margaret's School for Girls,https://www.st-margaret.aberdeen.sch.uk,1329
High School of Dundee,https://www.highschoolofdundee.org.uk,1330
Lomond School,https://www.lomondschool.com,1331
OneSchool Global Caledonia Campus,https://www.oneschoolglobal.com/campus/united-kingdom/caledonia/,1332
Dollar Academy,https://www.dollaracademy.org.uk,1333
Belhaven Hill School,https://www.belhavenhill.com,1334
ESMS Junior School,https://www.esms.org.uk,1335
St Leonards,https://www.stleonards-fife.org,1337
Hutchesons' Grammar School,https://www.hutchesons.org,1338
Kelvinside Academy,https://www.kelvinside.org,1339
St Columba's School,https://www.st-columbas.org,1340
Cargilfield School,https://www.cargilfield.com,1341
Fettes College,https://www.fettes.com,1342
George Heriot's School,https://www.george-heriots.com,1343
George Watson's College,https://www.gwc.org.uk,1344
Merchiston Castle School,https://www.merchiston.co.uk,1345
"St George's School, Edinburgh",https://www.stge.org.uk,1346
The Edinburgh Academy,https://www.edinburghacademy.org.uk,1348
Gordonstoun School,https://www.gordonstoun.org.uk,1350
St Aloysius' College,https://www.staloysius.org,1351
The Glasgow Academy,https://www.theglasgowacademy.org.uk,1352
The High School of Glasgow,https://www.highschoolofglasgow.co.uk,1353
Ardvreck School,https://www.ardvreckschool.co.uk,1354
Morrison's Academy,https://www.morrisonsacademy.org,1355
Craigclowan Prep School,https://www.craigclowan-school.co.uk,1356
Kilgraston School,https://www.kilgraston.com,1358
Strathallan School,https://www.strathallan.co.uk,1359
St Mary's Prep School,https://www.stmarysmelrose.org.uk,1360
Howell's School,https://www.howells-cardiff.gdst.net,1363
Kings Monkton School,https://www.kingsmonkton.org.uk,1364
St John's College,https://www.stjohnscollegecardiff.com,1365
The Cathedral School,https://www.cathedral-school.co.uk,1366
Llandovery College,https://www.llandoverycollege.com,1367
St Michael's School,https://www.stmikes.co.uk,1368
Rydal Penrhos School,https://www.rydalpenrhos.com,1369
St David's College,https://www.stdavidscollege.co.uk,1370
Myddelton College,https://www.myddeltoncollege.com,1371
St Gerard's School Trust,https://www.st-gerards.org,1373
Haberdashers' Monmouth Schools,https://www.habsmonmouth.org,1374
Rougemont School,https://www.rougemontschool.co.uk,1375
Christ College,https://www.christcollegebrecon.com,1376
OneSchool Global UK Newtown Campus,https://www.oneschoolglobal.com/campus/united-kingdom/newtown/,1377
OneSchool Global UK Swansea Campus,https://www.oneschoolglobal.com/campus/united-kingdom/swansea/,1378
Westbourne School,https://www.westbourneschool.com,1379
The Royal School,https://www.royalschool.com,1380
Belfast Royal Academy,https://www.belfastroyalacademy.com,1381
Campbell College,https://www.campbellcollege.co.uk,1382
Royal Belfast Academical Institution,https://www.rbai.org.uk,1383
Victoria College,https://www.victoriacollege.org.uk,1384
Rockport School,https://www.rockportschool.com,1385
OneSchool Global UK Newry Campus,https://www.oneschoolglobal.com/campus/united-kingdom/newry/,1386
OneSchool Global UK Knockloughrim Campus,https://www.oneschoolglobal.com/campus/united-kingdom/knockloughrim/,1389
